m/z meas.,RT [min],Area (Max.),Area: B6_1_ML_nonpolar_RPlipids_neg_01.raw (F1),Area: B6_2_ML_nonpolar_RPlipids_neg_01.raw (F2),Area: B6_3_ML_nonpolar_RPlipids_neg_01.raw (F3),Area: B6_4_ML_nonpolar_RPlipids_neg_01.raw (F4),Area: FVB_1_ML_nonpolar_RPlipids_neg_01.raw (F7),Area: FVB_2_ML_nonpolar_RPlipids_neg_01.raw (F8),Area: FVB_3_ML_nonpolar_RPlipids_neg_01.raw (F9),Area: FVB_4_ML_nonpolar_RPlipids_neg_01.raw (F10)
899.56796,5.464,25917842.9049001,25917842.9049001,18249891.0298352,22708179.2714745,24738798.8302657,21103839.7329964,22336879.851221,22157026.504554,16711319.7328986
893.61494,6.696,2911222.10232172,2911222.10232172,2484117.65517465,1855251.29781362,1924277.45809137,1709422.22246071,1929008.60271693,1888909.43375045,1192153.97169403
875.56779,5.579,122251334.388307,122251334.388307,105703141.443218,111969665.564701,109621667.461975,114768047.984985,112059002.114369,107647050.034287,95875255.8290343
877.5834,6.001,156804159.752823,152911179.17086,134408469.63268,126997694.484752,135092449.404622,156804159.752823,148701505.645508,140336518.006365,125417806.289708
881.61449,6.753,19124675.6640729,9264515.20203474,10273411.0161409,14125966.0459275,13088946.9358256,19124675.6640729,15574584.7823593,16429974.0290958,10750435.5974625
881.61443,6.585,17641626.1189193,13627165.0254014,12286777.0478388,14372603.2731028,15128299.1913483,14932446.7651329,15244735.2424166,17641626.1189193,11753726.1678018
883.63072,6.878,13777370.6296709,11670123.2520441,11428572.2751505,11202691.1230565,11982071.226715,9294343.292018,13777370.6296709,13677341.1825902,11970498.0065717
869.61484,6.803,13019756.1529886,13019756.1529886,9644461.32015713,6605836.12511434,6295042.15769486,9203514.90235723,6788937.15289749,5357559.14296806,4541058.9099182
851.56784,5.947,1189624902.5224,1189624902.5224,1082202929.71775,1019394711.79776,955860917.098999,899458180.89095,1110852518.51815,1018749930.48804,929531324.783347
851.56776,5.697,221424804.97085,202957262.873088,150104469.240735,198883593.753231,175338466.886865,221424804.97085,177372296.929914,176613696.604001,149414739.949337
853.58335,6.103,251716750.770422,186556145.187756,91852041.337639,167864688.533934,139973731.763058,251716750.770422,205170423.22936,191407390.778578,160706474.963265
855.59941,6.563,1150310218.554,1150310218.554,978732139.477799,794819932.859339,785089506.248839,761921412.504412,1029040141.36007,919430423.442018,833152415.590932
857.61469,6.743,137985044.467021,132821236.099859,120842954.951298,137985044.467021,121114327.45826,116705977.682608,122859351.382426,123338958.285648,86369218.5754268
859.63076,7.022,38834009.8765034,33256098.9615093,26064699.6046176,38834009.8765034,30927801.4054404,33280664.9398097,30219307.1167268,31079235.2008569,25352262.7753545
839.56772,5.852,14884419.2982299,8721828.54157452,8533465.50089913,9984560.87531164,12228860.4719443,14884419.2982299,10653408.0667304,9240130.54286859,7765106.68675801
845.61513,6.855,18461920.5096394,18461920.5096394,15359717.1545543,13595284.2842795,12984050.337858,15675670.2922882,11018913.693254,11700827.6332511,8897369.12759779
827.56809,6.061,1231722901.27954,1231722901.27954,1153961135.8838,1077420347.80103,1079670694.48206,1159376209.51005,1154207776.55229,1092928211.40313,972976053.9147
831.59963,6.621,955322929.865175,955322929.865175,857386657.693674,923122226.219217,855940199.955189,897009636.09918,863100751.426335,936932882.568705,885953088.526789
801.55228,5.651,262421984.570771,80974271.6893954,172796401.695766,201591923.040319,209774107.55122,262421984.570771,192504585.702027,189393139.981755,172692699.369954
803.56796,6.127,1310213358.09806,1310213358.09806,1114877365.6021,1285684171.23942,1251299368.47616,1203151317.48084,1135332428.80794,1245919800.96236,1150828859.25464
791.56831,6.264,17191612.7174251,6996938.46974403,6095440.03206226,17191612.7174251,13076138.5566202,11015459.9728085,8670731.09953779,12378854.2746913,5026383.30255928
773.53623,6.464,11520582.7728463,10941460.1639874,10195822.8729792,10187992.3503898,10223242.6366263,9796710.300121,11520582.7728463,7650478.02678729,6877054.59624494
779.58342,7.286,82325963.3929359,82158848.2823185,54612811.6962361,70204175.1522923,55511854.3467215,82325963.3929359,77212480.0660524,71352995.2256201,45028440.7620654
781.59868,7.424,4130502.83766042,2803987.42477017,2343627.82979442,3230274.35148169,2733361.3332308,2424202.29871962,2766373.4147011,4130502.83766042,3827410.39205063
727.55228,7.05,14472000.1251455,8945306.24463136,9505651.92457696,10282523.4152456,10590523.6761755,14472000.1251455,9150179.8513331,9416136.32274373,9331997.44430742
729.56801,7.097,5414712.6379661,4348976.63263939,3608777.98989744,5414712.6379661,3401667.73306856,3288331.01113523,2782135.95915832,3210475.31934214,2801765.62438027
729.56783,7.318,10110553.7099416,9080927.33831031,6340700.01215917,7646927.48102308,7337213.25835732,10110553.7099416,9066679.44385923,7339180.59587895,5173166.53551897
852.57112,5.697,96061236.0415774,90999526.8031101,67803053.8970195,87508017.0704802,77140427.5708903,96061236.0415774,78268652.4630497,77488670.5521294,64103884.1698302
866.51027,4.607,31339167.2878115,31339167.2878115,13250795.9547825,9968517.13983968,14425137.9552213,22158978.3177906,18991591.4927483,15576718.9676947,19106838.1741101
794.51042,4.934,9619332.45400982,7517128.05630304,4016829.73686623,9619332.45400982,5214608.9987342,7444816.92474198,4289670.4175029,7387947.06245746,6023055.19478906
804.58674,7.295,40131333.8134536,37905017.9756068,25199473.9110989,40131333.8134536,25476028.0104931,21418447.9734429,30954974.3665321,29744312.9991289,25493967.2971035
772.52556,5.435,17022432.6595725,13274936.9106268,7104739.34345945,15815239.5033742,15250119.1211558,14248010.1505208,9297621.82069172,17022432.6595725,11150025.7063057
795.57831,6.565,1150709574.80368,1150709574.80368,979559681.372795,795194524.047589,785719096.869899,762049159.218863,1029513359.62728,920767393.417471,833561749.129128
797.59382,7.295,68443421.0342655,68443421.0342655,43289047.8877458,48418101.8853013,44254796.2155926,33468131.2568594,51902165.9135795,50078613.2176835,48923941.2446219
781.56251,6.963,21773660.884989,21773660.884989,14480293.821616,14125381.4444804,17026291.225297,13153073.6356255,11860858.056056,12329159.4629785,8461297.64891039
741.53111,6.385,395078518.306215,254858447.318914,194308079.616271,249421243.809254,310081564.554048,395078518.306215,208721247.482338,247902375.819647,236736251.841389
743.54713,6.816,411549800.82934,411549800.82934,316173536.054224,361583435.222868,296146380.367011,267872683.84096,314018290.154807,385968656.936824,323718919.503582
745.56281,7.109,70283306.4773971,59008521.8188568,48692590.6115546,69687595.9108339,61596468.5398764,67812824.8373883,60678951.1835096,70283306.4773971,53430797.8721932
715.51536,6.344,328995402.150854,300573740.797521,228461824.403216,328995402.150854,318131042.432728,283013534.569474,252375891.678104,320878538.893602,253183554.541672
717.53122,6.693,95810345.5193761,50044758.762575,34196419.8689476,75579481.3551654,76874167.6820995,95810345.5193761,49002354.7467592,68296593.3932679,38797530.5602606
719.54715,7.074,7131985.50617406,5607438.20841958,5093793.3255075,6186824.1855253,5710254.43068569,3599903.05458234,5742455.32922116,7131985.50617406,5867436.1495376
282.25563,4.753,3872922.78009692,436770.820245762,1320634.68388824,1416212.98630863,3872922.78009692,932302.419427025,1654337.58022625,2328971.40171571,1145400.36601384
565.33769,0.945,213426947.824722,118428047.944479,88802536.0028121,124999452.305487,106185226.637934,213426947.824722,115405888.791216,123795993.861959,82594983.4716109
479.30121,1.389,15683362.2413937,9860118.56428714,7323887.30106554,15216960.0077168,14495321.6439118,15683362.2413937,11820066.7311957,14481781.779593,11100644.0985491
481.31677,2.111,44565823.9524621,34542543.109174,28219712.381531,37135423.6616951,29302508.5810684,26040782.1115397,34706716.7639629,44565823.9524621,31658695.4396326
647.62157,8.153,494076232.921273,429464450.731034,376030448.324896,494076232.921273,460481936.864515,398956892.269579,223114413.145717,470293607.223774,390194724.963924
669.62815,8.324,13197012.4856514,10081511.0048027,6710467.51713881,13197012.4856514,11161212.2880662,4002150.10070175,7401870.2543762,11461140.4778631,8481957.13658078
501.28557,0.963,43651346.2967935,43651346.2967935,13872616.2954947,30649115.4703385,31685071.0521144,32462916.194554,25343898.3920166,31938268.1736874,25230730.1252718
313.10232,0.497,3045682.47566227,1542952.19944623,1582023.09621857,1343623.76143611,1435362.75051899,3045682.47566227,2326323.67902435,2745246.09414457,1427235.40860036
699.63742,8.15,2637992.08584716,2378268.86536466,1763812.18440356,2105563.79983757,1822869.50247869,2637992.08584716,1619196.2904557,2244660.86914926,1474436.1182149
562.23473,7.299,18290393.400706,14428650.9284854,14920597.4821178,14950709.5962386,12004246.3056165,17616889.2966853,11983295.0815015,11676272.5938883,9110325.60995082
576.36427,7.309,8359308.79035926,6000939.61461529,7491812.36404468,5929802.26124075,6775808.12730648,7911368.90332433,6016566.59049619,5355468.52681325,6459703.83968691
683.6438,8.468,8849072.64005011,7440164.61220258,3770433.99523958,8289765.59024397,7495159.80627472,4003995.91965895,5583820.66330083,8849072.64005011,4081419.47702517
613.56472,7.648,4256427.25796246,2448910.97765791,2719547.9003886,2920120.71595254,3235431.1754586,761507.298440822,2695336.18357494,4256427.25796246,2420123.56839666
767.57449,8.016,5386825.57451798,4930040.70073505,5099865.83484147,5052944.71787286,5386825.57451798,4654303.73614834,4001968.49721366,5301735.65673927,4064352.64162028
731.54726,6.897,6214087.02655053,4121028.37953736,3077810.19921595,6214087.02655053,5487405.61545166,5841248.57029013,4293544.8995682,5434621.24308322,2981572.74572122
906.20012,7.151,5419853.96399559,17547.8667106573,14344.5961086786,16568.33045808,18269.0990470185,15201.0350691906,15229.0991727309,15829.8611990431,14626.4374669346
791.54663,6.086,6255953.67024174,5237069.88286922,3868564.98746899,5416030.92263935,5135402.81135406,2453171.94382853,4546544.75192161,6255953.67024174,4648531.29642815
699.52042,6.608,6293645.15252087,2796348.3468823,2189629.81365396,2402475.38826319,2611534.44246193,6293645.15252087,2223282.57991311,2767447.16871928,2139908.79498586
519.35817,7.313,5309838.85387622,3736656.31571125,2007251.48998828,5309838.85387622,4213814.36873129,4177490.16877793,3851055.49981207,3540793.54425529,3423302.3512271
765.59001,6.757,5276839.41220118,3766068.58156469,2937948.21778787,3809236.47049911,3893958.5267597,5276839.41220118,3834434.02993661,4334225.73750142,3512296.68164797
699.63046,8.606,6210331.12655007,4974683.48509585,4476758.45632335,4185566.75095745,6080844.94478379,4076044.8672308,5996213.23020374,6210331.12655007,3252483.51548237
662.5127,7.304,5736493.35798052,3264246.06758679,4131599.27209662,3244386.37548278,5736493.35798052,2738802.75467478,3890642.90944759,3886066.41548959,3130648.79096167
854.57695,5.697,6176300.81465154,6071084.25344858,4847506.73786123,5626175.88322091,5277291.83086613,6176300.81465154,5953079.2853064,4791308.0693056,4920225.47750293
872.69888,7.44,5729607.04396529,4441626.67607047,5297635.40056121,3358368.85079414,5358169.53698193,4695784.08838632,3258222.81824966,5439727.46816465,4769739.02270375
761.61505,8.146,5827063.48492768,5435954.66429739,4872389.89544404,5827063.48492768,4490607.6340654,4821260.51845575,5109976.99586481,5240029.25273731,5327897.27450485
811.63684,8.608,6102216.14487787,4495540.43519271,3295687.29681438,6102216.14487787,4835595.02993404,2486252.52119876,3697298.30325026,5390643.1552398,4204704.57359573
882.61824,6.583,6932592.79823436,6342746.13888593,5608219.48539612,6932592.79823436,6846362.67443074,5474351.80831813,5784029.34443654,6614940.57328087,5352103.30270127
520.35424,7.306,8693563.69846842,7576137.78846512,5019815.78961492,5932890.46956812,7178061.44833886,8693563.69846842,3697446.17613233,4932695.30076688,6184761.70918346
801.63386,7.151,6036470.35532052,5409847.43751552,6036470.35532052,5249582.46018128,4978019.36662745,5252475.72848029,4805309.63200771,5390919.15166871,4278108.38402454
619.48451,5.016,5638398.53232282,2932075.60745149,1191847.1273863,2223546.41560793,1296624.86447179,5638398.53232282,1744132.74802961,2019313.68722993,1772456.15558423
474.34884,7.299,6252784.21042453,5750393.64277758,5019815.78961492,5932890.46956812,5525754.99711773,6252784.21042453,3697446.17613233,4932695.30076688,4547036.13246549
729.52376,7.415,8158046.24692873,5695516.73194761,8158046.24692873,6600267.6847216,6132150.75087136,4030895.27468152,4919247.58134732,5919589.63186286,4990159.76171639
806.58674,6.393,209755436.383822,5918575.46921644,82801.7672881305,463120.475684979,209755436.383822,197223213.740196,424523.050659473,993898.161263973,6574729.88042596
689.59615,7.586,5915544.55212942,4026916.83681914,4234978.20480823,4632910.49665103,5915544.55212942,5704830.81606165,4529580.73881931,5247289.1663349,3838999.91203905
719.62423,8.149,5701322.80225316,4616667.53818172,4576512.56251835,5701322.80225316,5141508.1083111,4893680.36220309,4427593.88228591,5225603.63167455,4667224.0724331
822.54146,5.582,5849168.32834616,2969361.67743406,988756.490891876,4504095.08694571,3582059.6747207,5849168.32834616,2236678.45606561,4304468.01579433,1894143.19806257
763.63084,8.467,6198504.29604444,5953862.15142958,4336342.69239116,5647397.96192483,6198504.29604444,4586599.71560561,5110168.44774395,5932844.74516019,4955134.61494451
777.56764,7.011,8602751.4359005,7555630.70997576,5505642.25516911,6343802.82356976,5747742.70382949,5089817.98797815,5971199.92669292,6251776.80691128,8602751.4359005
767.54685,6.766,1835916363.46027,1835916363.46027,1424200075.19973,1614781783.15742,1731466699.13351,1164304798.63118,1594252408.02337,1554887956.68101,1340010542.44535
796.52653,5.357,6450869.94244239,6232640.53379237,3535351.19984728,6318691.66093188,6446924.18895927,6450869.94244239,5400835.99483159,5877074.78232166,5025256.78442909
815.64958,7.327,7481615.60811578,7481615.60811578,6475410.00707431,5098568.77838441,4233770.02698192,6948545.31038565,5057024.37227498,4707920.90339789,3696401.76457178
768.5491,6.48,16281783.5401559,7243230.56826582,5236332.50698894,7596467.5934047,7349982.54441779,16281783.5401559,9000558.53991031,6559756.4678009,5401752.66845319
779.57467,7.829,7707910.79008829,4068026.91728182,4950712.88595798,7707910.79008829,7070955.7272064,6581570.72500201,6845340.74721223,7396756.88346805,4468392.43189531
732.53603,7.55,7758120.13517939,4678150.39383894,6047796.13656316,5928463.37761567,7758120.13517939,6371757.91925605,5929519.64774693,5933183.67466106,4882734.42536618
558.23616,7.302,8102361.92395097,8102361.92395097,7445598.66944651,4968729.30723389,4477783.81645274,5103628.95586021,6166053.12023672,6722222.89204464,5206038.81805973
860.54134,5.324,8205219.06906141,5982987.05500349,4673129.77390105,8205219.06906141,5066022.17079527,4033961.32415291,4936481.43114072,6840868.07687495,5375044.53982898
689.49996,6.229,8234040.13529265,2946442.73087742,1992720.95517618,6394871.87664339,8234040.13529265,5526245.18679579,2923581.68432309,4199786.97043886,2604048.83458909
1448.97299,8.202,8247534.2270433,7711294.63956404,8092174.51621268,6845553.41993085,7325402.36070519,6803533.6673289,8247534.2270433,8160394.22189158,4800740.48614207
862.71211,7.78,8308791.95610696,8086331.88749847,6471347.42101138,6664891.54002736,6615974.08692935,3051513.42337729,5158416.95288056,8308791.95610696,5155308.34718004
665.59668,7.83,8395420.559758,5911034.16949768,6613171.45851406,7756538.86207339,8395420.559758,7333855.32853873,7464173.49060381,7915325.90920229,7324510.16032483
835.55831,4.622,8403124.91408628,6382002.70357566,5383769.43155556,6423979.00026251,6768170.95316967,6899892.59954661,6504081.66314271,7765997.36914417,8403124.91408628
425.16332,3.898,8548677.05652959,1335370.06818646,3438757.54768704,3248879.36569685,8548677.05652959,2038137.72635029,3728944.90269355,4656439.28809886,3332583.00185359
926.67087,7.256,8572894.36043136,5329743.20664691,5029026.10514873,7762304.55032245,8572894.36043136,5458930.92159862,2710566.47064211,5791748.80633829,4680629.01480821
698.61763,8.323,8618985.93648912,8266431.78305132,7349727.67132687,7728942.85724872,8618985.93648912,7155037.25541061,7325628.86170304,7967789.64163122,6895399.11738143
842.51015,4.729,8943088.06131845,8943088.06131845,4341995.43243501,5362999.81615943,6050368.6576965,8431602.91978038,5626062.35035719,6424531.73562395,5456375.25763124
380.1655,3.897,9003827.92176464,1244218.98115276,3535684.35495271,3187181.75416699,9003827.92176464,2076371.86510233,3614472.61185557,4664688.42370104,3298252.25165679
531.36079,7.301,9050636.29438393,8538238.72212672,8126049.05028904,9050636.29438393,7144520.99300999,8747431.45598765,8566364.85544603,7858342.06301881,5985142.18180916
317.95525,8.74,7447140.25659141,6229116.4118689,5335480.78071019,6057061.81871965,4938385.44707231,6615276.91358248,5025306.84747213,5810547.16588895,6505463.47769568
680.50435,7.213,7357191.53446299,2681345.43361364,4694969.66845063,3773470.77011875,7357191.53446299,3554284.30763524,3742844.38858853,2414898.11577912,3064275.80005763
427.17886,4.76,7304393.905523,2079677.70292028,3696401.83131843,4118739.23529108,7304393.905523,3166771.07041111,4743217.46646819,5676572.38115149,3430561.82892175
751.51505,6.069,7281028.10413485,4052363.60987413,2155602.49942436,7231909.17217659,7239422.66730123,7281028.10413485,5096603.0453746,4435080.9132601,2873606.44074118
793.5901,7.995,6486437.7259509,5513933.73066801,5119783.92070005,5981644.12588109,5848458.10027596,6486437.7259509,4635151.73949003,5546265.57636153,4299401.86236239
486.2802,7.303,6572553.21946381,6160485.03981687,5187536.34493904,5441001.350398,3748874.81701311,6572553.21946381,4345628.90292301,4573229.8447536,5190519.30720965
758.55156,7.821,6614554.98054253,6614554.98054253,5481079.41038629,3501422.12855022,3275131.86929245,2699368.58859196,5307011.58721476,5197215.29866199,5338554.21958787
609.32539,1.232,7376830.72579509,7078706.37516937,5676870.3616409,7052956.23770763,6490720.67089473,6621485.10674078,7376830.72579509,6967678.50009531,5605833.7574224
773.594,7.453,6673001.60391481,5234466.6849844,4509453.27313044,6673001.60391481,5052834.30923111,3360885.54564979,5286936.89366285,5777304.21364902,4632649.90544876
701.53641,6.947,6687219.77746936,5291482.43849759,5894630.92528592,5447805.87549349,5017887.77051078,6687219.77746936,6598126.60673382,5970140.68302034,4776043.75048649
841.66483,7.313,6702206.89803753,5712878.6972058,4656557.63428333,4196030.6412283,2813749.43105033,6702206.89803753,3416698.65683249,3133022.02530106,2921051.53813414
774.54117,6.102,6713923.0972558,4971550.78370829,3176333.47312653,6713923.0972558,2938752.02141115,5676224.14441906,3004151.14684247,4459136.55420898,3104204.84606687
876.69387,7.123,6411264.16122042,6411264.16122042,4642850.17749756,5379466.46114983,5866647.3476295,6381570.03477095,5388446.55677827,5289375.57116653,5088313.34766266
795.57832,7.184,6811030.55454151,4704260.75797743,6811030.55454151,5202852.87256087,5635987.12650681,4933606.63558843,3492972.70412935,3608607.50291692,3380094.21653259
673.59672,8.323,6953746.46198921,6953746.46198921,5997570.97171039,5941864.05110006,4570893.79166006,5824729.94637675,3889477.10810163,4388507.7232499,6154856.80181067
829.59952,7.287,6970154.71472771,6311754.62485443,4486884.83342566,6970154.71472771,4604761.70157941,3572885.91874519,6445989.42471456,4522930.07158961,4057856.54730139
902.75853,9.761,5263911.20471627,4386555.11384445,5263911.20471627,4105340.43414782,3751610.24266106,1823111.19654651,4113976.40160638,4509883.89314468,4157815.00228868
835.53475,6.77,7029608.20036647,4006987.8221972,4778022.51622337,5959637.54995732,4177719.73438762,4761547.7033819,3815388.68781907,4749164.97113496,7029608.20036647
914.67089,7.472,7121319.09580235,6725144.14303651,5713449.87173177,6092013.87357658,6258062.55288341,5528680.52066307,7121319.09580235,6145205.8531115,5659523.01130374
805.59567,7.321,8293351.07667848,6330479.81451518,5862892.15992245,8158639.60816319,5245730.66327551,3431328.87136377,7207236.78143487,4192897.07693792,5824166.78558657
830.65175,6.884,7668149.97201539,6724931.80323383,7097405.92172595,6558178.228926,7590412.08287667,7114883.5462691,7218428.20389836,7668149.97201539,5946443.07017388
723.67516,8.732,7245971.42515551,5218538.72137429,4901539.0655957,5693743.96711393,6301556.45789132,3802769.95115051,5118390.42591275,7245971.42515551,4773286.05691467
531.27688,7.304,9734594.06060679,7376135.13935368,4555572.24729155,6491226.34503374,9455270.55503782,9235486.48603176,6665520.21668062,7068147.76906417,7259891.80215513
873.69122,7.332,5205745.43081175,4361915.60705956,3027257.46762222,3295456.03353964,2619942.43841059,5205745.43081175,2774126.42149776,2830773.16353172,2736416.85432467
754.57063,7.043,5461248.91576926,5461248.91576926,4443037.16327977,4154785.394124,4283709.17316347,3870766.66510784,4042928.65825638,4472803.23081071,4378399.33488484
398.89635,8.741,5173516.91527427,5173516.91527427,4429469.65004025,4331684.02829647,3572477.92725361,4384238.91200587,3660793.25095745,4583082.26235641,4325628.7399741
681.66489,8.873,3025832.72319836,3025832.72319836,2038142.9499788,2873425.73448185,2438286.34209996,2589337.17458803,2537656.27326059,2695698.45785671,2195109.74938856
811.53482,6.835,3056547.53957046,2660273.12320259,3056547.53957046,2557025.15132297,2383865.50452133,2677042.97867497,2807614.40869208,2712020.51502912,3046715.37757456
805.55928,6.873,3406314.44425425,3406314.44425425,3051012.10372209,1677629.40149953,933724.813242822,1083118.562885,1707463.86144019,1518068.72047455,1347205.3763024
708.64735,8.301,3878663.51713975,3687749.30836621,3183649.52249298,3491155.67485104,3784764.46480058,2581388.65841413,3008753.2118189,3878663.51713975,2637824.08492135
575.36781,7.308,3119987.67626009,3119987.67626009,2968692.05916638,2669935.47980839,2757285.08875674,3097342.99818708,2839841.53507754,2685046.8545946,2984490.33689213
934.7491,8.768,3164969.4957558,1855164.47807496,2258494.97970246,1922203.76294702,1778742.44488294,974716.99741263,2183229.62559518,2992191.59149712,3164969.4957558
654.48868,7.166,3187217.17983178,1728635.45504517,2124945.07504149,2467982.85405384,3187217.17983178,1817866.80204222,1663003.84722626,1954387.10739226,1716387.36213516
647.61539,8.153,3974631.22451042,3120201.20032727,2359551.14701861,3974631.22451042,3168247.30014241,1857856.94052274,2955697.6915361,3217662.43647331,2873157.65720084
505.36187,7.302,3331199.62039315,3005565.58067748,2210716.21026432,1874320.37456327,2758491.84116359,2564926.82775885,2713752.59512164,2773450.77758009,2498729.37332258
840.60762,6.411,3227582.69191908,2785883.9370146,2737368.37110338,2846895.06419963,2714374.23997019,3227582.69191908,2876248.0863892,2755064.84057492,2823431.40426548
314.08568,6.695,3233988.28286263,73039.0006542639,71043.9371003485,59135.4661425216,102433.372525836,67765.1669205991,93815.3088630164,94000.3447576167,74719.2901604423
800.48994,7.417,3239581.90281686,2117339.24180348,3239581.90281686,2347290.60657309,1636910.5874549,2153419.96426498,1914517.18334368,2185912.58472254,2322287.24712282
753.56715,7.289,3308413.13117793,1076380.60212017,835384.546324834,1194762.20332,930869.082154026,3308413.13117793,1182819.14168638,956347.122562213,564214.003147377
625.56467,7.66,3346259.34389018,2225567.34020854,3346259.34389018,1979823.87946179,2464023.74692183,1475520.13705327,2286363.34863727,2601556.9910381,1958370.14519349
759.57829,7.293,3406113.94211081,3390240.5698393,2152441.35052249,3406113.94211081,2283734.54143191,2928918.06732546,2664257.13408999,3012016.34442415,1722034.79579672
677.55202,7.353,3431287.59623152,1821590.21753518,2034207.58773869,1608277.06424704,1942939.24170892,3431287.59623152,1993083.32570357,1948511.92209579,1906628.79693047
767.54744,7.296,5034897.32266005,5034897.32266005,2351367.27293711,3616460.35327253,2906619.71126465,2540910.4554662,2761605.63602947,3089688.98600158,2490480.72835533
707.52308,7.309,6407842.25982897,2292204.78363786,3288092.38957066,2877233.15331455,6407842.25982897,1936630.85167396,3024247.91550252,3324563.66380931,2888113.76376668
686.48842,6.125,3232765.63906999,291263.660950298,410727.794337674,437888.201638058,269747.445654599,3232765.63906999,1473906.21690048,2099994.47194627,285746.224318943
741.52186,5.99,3757857.57586748,2941967.45626652,1546085.29963638,2313392.56920538,2469914.79780269,3757857.57586748,2088466.74640873,2928307.50056626,2392169.04584199
793.55354,8.144,3360902.14376428,2772025.51649687,2719970.53562122,2919329.55391006,2914809.07419373,2935678.85288168,2562329.88638678,2621932.68744863,3360902.14376428
971.67396,7.831,2902402.74649714,2314131.39039204,2256509.50129454,2176009.9162476,1837893.05379314,2902402.74649714,1988010.09444334,2330519.17052901,1775113.7387607
821.61964,8.298,2183065.94359128,1119293.3982462,1211985.18418855,1343787.98264694,1898019.8815829,1217557.04415147,1544689.86199248,2183065.94359128,1823628.06346304
816.57057,5.898,3777826.56950523,697509.357157534,1064700.9626202,3777826.56950523,2354447.31819257,2131464.46276986,1345571.95765142,551908.100433302,1090542.52499399
827.55872,5.693,4605796.42486332,1331413.27313928,1020396.11781977,4605796.42486332,3480100.44098255,1129560.34722323,1511351.01820849,1730517.25748753,750129.292073484
450.37091,7.316,2082181.98351248,2082181.98351248,989205.623985116,1964983.68138383,1135995.83429203,1196145.53808332,1151513.21675558,1305559.70037935,730303.193720671
854.58288,5.89,4219919.20103034,3617543.01460326,2273773.68186493,4215339.33847362,2124330.83694613,194783.932024589,3950447.58720231,3997117.52854432,1048497.54188586
751.54985,6.615,2232889.11837421,1518706.84501529,1013648.32683167,1511433.65395784,989940.279994862,2232889.11837421,2031162.30106781,1130311.7893499,1259475.58306544
821.62428,8.291,2280330.4052175,1385309.31336743,1516214.0172765,1676991.52283789,1808230.43612523,1725341.92996479,1381553.6417307,2280330.4052175,1811441.0676671
314.08571,7.02,2416526.30585148,67040.7007288036,28745.0870902842,54636.0915453513,98076.3227633398,76306.814779655,28191.1386905025,37394.72682761,82096.9697636889
474.35142,7.3,2419114.50739825,2419114.50739825,1570325.94024023,2003026.65052857,1483019.59451715,2319504.17344152,1740983.52678874,1651358.18879288,1546363.4408026
476.36757,7.304,3639971.98947652,2446117.20494709,2832013.67950323,2470784.32598305,2536062.26769006,3422997.08058392,2877501.94340799,3205768.08152039,2970466.12312127
566.2371,7.307,3805423.7604037,3076889.57055365,2539025.36664329,3324180.17892146,2106239.89347601,3805423.7604037,2462718.17035623,2490572.01721053,2304846.65212731
698.66298,8.606,4996728.22557992,3972227.42512196,2747198.71671459,4996728.22557992,4349367.17531752,1998588.48897969,2962437.32977479,4741864.55258234,3407913.15349923
638.51271,7.597,2644409.69106998,1352123.38167956,2198797.44679947,1975793.25296652,2644409.69106998,1306573.90702294,1296171.59399098,1833657.80458942,1097220.55181133
653.63299,8.614,2765885.4077381,2681913.77007023,2029974.19326487,2693488.95502644,2461817.9469403,2341557.86272631,2765885.4077381,2651545.25376133,1993197.64888682
703.55223,7.31,2814803.7746095,2375200.67848194,1823817.10668951,2814803.7746095,2412353.44160023,2111522.12455126,1984746.64449251,1689292.07324611,1203575.22630733
811.51503,5.669,3634942.72188553,3586343.85723589,2475177.79405419,2819549.35332627,3634942.72188553,2818918.72879331,3412069.68126242,3010002.90182097,3012561.56776908
833.60201,8.134,3282189.25709091,2821351.75283723,3282189.25709091,2660580.43061301,2401172.95707881,2827529.18237287,2657454.63049686,2637951.32221237,2400906.79729185
756.53584,7.433,2870310.96413127,1734992.77272806,2623647.63326899,1995065.26965607,2870310.96413127,1901341.28998242,2329576.2012494,1915329.04325127,1784427.05026124
721.63653,8.477,2875794.3035694,2274521.15042604,2359700.65513664,2062727.81506784,2535096.14784123,2026215.33945711,2144988.67187245,2875794.3035694,2166166.62838466
860.69521,7.395,5301292.65024436,1649931.72849245,2723232.62134635,5301292.65024436,2948585.13663752,3200816.87218243,5024472.25391176,5183923.56416121,4329768.43973108
801.55845,7.363,5185364.64268608,2413676.37590888,2680710.7584996,2523881.11465033,2382835.9532269,5185364.64268608,2869012.67592869,2820269.53094308,2597375.1040564
658.52003,7.851,3489113.45725946,2996293.53919532,2890623.99293022,3489113.45725946,3145771.84904722,2545559.15726432,2841268.05471273,3265925.01355081,2402070.67857062
754.52003,7.108,3547106.09099428,1934163.04155233,3156363.91730391,1522093.30267263,3547106.09099428,1961900.33048278,2780225.08455926,2309316.60753596,2410877.75039501
765.52177,5.896,5821729.88075924,5126280.49725377,3635123.3486089,5623081.24027663,5038686.59003679,5821729.88075924,4967840.15138653,4057247.8521274,3943580.64502874
629.55188,7.839,4451737.45183059,3610418.98941554,3797942.82012649,3975055.87081178,4451737.45183059,2492196.17195288,4068640.02047749,4271066.40418904,3313689.99894658
730.53481,6.593,4878004.25062691,4559556.35643126,2784597.28926156,4878004.25062691,3300343.32619859,3162211.19385709,3196808.07019916,4456644.05715646,2793097.65445562
805.5918,7.292,14487236.05913,9105005.14929573,7119093.3638618,14487236.05913,5628714.34398508,5993051.83092669,8273273.03347627,7433635.49014982,7971622.96892513
751.53614,5.927,6965203.50737046,5565903.23402293,3193128.46883035,5767534.63481441,5984160.78157133,6965203.50737046,4487292.17987241,5718227.82664353,3922507.96329637
811.57371,6.317,4531063.13233315,3473832.3888095,3674836.31432611,3167207.61988211,3030251.25797097,2783470.98295063,4531063.13233315,3432587.05889419,3381907.85019039
569.50175,6.785,4533218.71659205,4125846.37525085,4533218.71659205,3529561.44356344,3145949.33979141,3784039.32106755,2790690.5738668,2924888.90983051,2138858.73471812
867.47276,6.773,6165639.48396088,4824018.53868528,5589533.37048244,4973496.36510511,5936307.29172989,3580079.90585336,5210842.51157816,5077750.38769328,4581002.6049127
830.57712,5.776,5208477.72708477,4226553.26498289,4275996.08289207,4499058.24549443,4502006.89854665,5208477.72708477,3842960.02491496,4069298.32210421,4124474.4694662
847.66655,7.837,4621279.69954832,4238145.66525203,3578659.27086142,3764541.8737807,3369857.71401326,4621279.69954832,3515119.31286507,3810167.91913602,2843399.3178917
652.48377,7.31,4632075.49318373,2642325.43429922,3672484.5724747,2569802.99814024,4632075.49318373,2696886.85265619,3490476.05354873,3032449.87583505,3307061.66175526
669.58375,7.997,5293184.36022745,4802508.14957918,3925101.27001383,4715914.73438635,4963042.29272689,4560085.0899559,3809786.09211377,4144476.90222596,3374907.15363493
601.5205,7.456,4859173.83026427,2806105.57522773,4587051.29166107,3004296.39404121,3090355.39857021,2174746.0436036,4224568.77953017,4859173.83026427,4206636.16065418
819.59006,6.394,4889185.89641215,4800401.90245324,4587641.95910914,4889185.89641215,3029760.94711826,4283491.96534242,4097088.65590487,3762963.32722382,3476782.48182201
817.56266,6.664,4980905.48729193,4050329.22705888,2909921.39827259,4685459.57903807,4041235.26868511,4980905.48729193,3770184.96758987,3419545.46757187,3013827.40295142
775.51487,5.946,5075874.60808234,3046147.74336792,3504518.12384033,5075874.60808234,3592943.27317229,3993163.94484007,3681890.09202599,4117996.365026,2905863.92001525
835.61613,8.455,5110387.65581485,3460162.36490151,4571329.03354751,3699424.77157992,4727637.51921136,3353750.8073271,3653432.66792535,5110387.65581485,4462060.76292369
863.56763,5.729,5960133.63581978,4867711.76082755,2986321.03965436,3708764.14911616,5960133.63581978,5257306.09377474,5124034.95983304,3361991.57839294,2685240.84796176
516.30836,1.135,4626609.88103527,4626609.88103527,2387156.47336905,2799412.37889861,3301033.31621786,2639130.18135518,3549042.67045365,3134431.83621137,2810134.14063481
560.23424,7.305,6002676.06793632,3492440.69264219,4320549.16029584,4651145.47652841,4011283.26206277,5806382.14167447,4071492.23168879,4373386.15884465,4171322.2209964
792.57258,6.263,7117981.23882279,2784117.62622576,2303547.33860116,7117981.23882279,6007580.93875311,4295529.41121849,3793438.7943907,4980668.09301536,2091487.16838805
792.54938,6.394,5169028.46758185,4678868.11810483,3348815.50164045,4458519.611271,4809890.81976432,5036582.58180966,3107522.41409265,5169028.46758185,3499928.68525557
708.60225,7.883,3601243.69547365,3342129.60648609,2609485.03015457,3160971.49789584,3601243.69547365,3584642.75949139,3257742.59923329,3352848.22331837,2838558.015192
664.52858,7.615,3650260.59181585,914232.233173301,1839894.39851338,1178461.05370248,3650260.59181585,1171501.09782753,1536729.52884141,2017128.10936898,960712.958460349
705.52351,7.311,3693475.17914921,1352268.47274235,2059525.50827403,1468767.36715062,3693475.17914921,1286865.6121858,1979722.73022536,2165215.45351706,1659331.64514967
730.52032,7.217,3697163.58384338,2265782.38706301,2702577.77505989,2394039.26957695,3697163.58384338,2476696.0569229,3021566.94161983,2809623.89040115,2366029.59540232
750.58911,6.098,3714777.67618274,2273206.56205106,2420302.08860119,2884173.48548353,2489449.62063679,1554283.57652275,3030794.86195355,3714777.67618274,2692720.47328595
815.54707,6.298,3742611.57706541,3292325.6989946,3073659.72543161,2970126.91723542,2239539.37853893,3742611.57706541,3566580.26718173,2847270.39539004,2750299.92942698
810.62373,8.296,3769474.88136572,2454479.49475719,1893870.14471399,3769474.88136572,3000167.08379049,1082920.15406192,1892056.75188801,2931510.7669253,2818412.043116
834.68294,7.453,5473644.59441371,4296610.51117156,3364925.49521578,4637966.67935465,3805192.58117939,3107520.07786487,4460820.44184694,5473644.59441371,4082653.00635826
684.44529,5.855,3834424.27577599,3161630.87841326,1054595.02553554,2354441.96725374,2522561.26970405,3834424.27577599,1376173.50737102,941012.648882903,1786152.48420391
853.66529,7.2,3978312.52323347,2794823.55858528,2689467.62235102,2515762.82794292,2549494.16529596,3978312.52323347,2563078.49219553,2795408.94639579,2807930.88651016
600.50788,7.028,4012027.22809011,4012027.22809011,3666905.3538149,3874191.75743359,2842254.12118847,3250152.40794831,3778160.44107611,3573640.94942177,3362792.34502806
656.50424,7.514,4017483.17101254,1376912.56465511,1818120.29360328,3075240.05544767,4017483.17101254,1741924.74552073,1777800.60274231,2047959.26495931,1448957.94738641
884.63435,6.875,5730544.38268284,5600506.76661201,5216141.36164281,5191993.81146327,5260908.73398457,4036904.90227029,5690096.59534493,5730544.38268284,5025144.28362663
900.74271,9.592,4067221.66371212,3657076.78011123,4067221.66371212,2707369.66243058,2446288.42839369,1123748.33036327,2828972.66235776,3360081.89986121,3317423.48157928
867.59956,6.357,4111553.81831565,2610676.33311711,2361222.45152056,3225048.60324208,2752078.50611913,4111553.81831565,3784645.51938258,2511710.19768754,1949953.56988456
713.65464,8.299,4134068.22444618,3989235.47289734,1951611.20394009,4043447.64828604,3675096.3717431,4134068.22444618,2809447.85760978,3916580.10145138,3098628.837081
711.63845,7.976,4222621.60849562,3709922.46542155,2704831.00452425,4222621.60849562,3446920.23642095,3545816.47397407,2959223.55463638,3437845.31731021,2735657.95912655
597.53338,7.272,4247676.76203074,3051394.23802693,4247676.76203074,2654786.88785596,2799069.38424752,2490883.62512666,3044181.93996186,3673362.97073767,2388863.00607535
872.54131,5.507,4251918.70707378,3596153.68555884,1971036.55035041,3445138.46793077,3630063.46161879,4251918.70707378,2502121.81848428,3597383.09258777,2099933.08261414
751.54307,6.583,3525391.4214028,3243005.55386437,2854877.08941023,2753288.81022198,1388727.06043974,2527466.39023546,3525391.4214028,3167684.94697164,1682980.30401025
705.52343,7.528,9158949.73956332,7863258.87982769,8528776.66723233,9158949.73956332,7614437.14845011,7241535.52897913,6829807.78812263,6721946.82398977,6988274.47569919
770.56104,6.87,11052890.4316954,10084590.8037097,11052890.4316954,1235077.7085353,1421001.37002444,7672223.71487554,1637738.61007616,9970650.47053008,8840935.94516072
745.57087,6.236,9227387.61706116,6369318.79040316,7879927.258225,5798846.79389668,5170171.10348096,9227387.61706116,5577740.06946387,7189686.39931182,6131255.79758462
546.35379,7.3,42411046.6646729,38501907.630776,32154263.671356,34437168.2301644,31125704.045049,42411046.6646729,35493602.5401186,39670393.5211434,28575113.60595
811.53662,5.907,43744031.9546333,35920355.8876534,34592570.8376503,35854862.2472374,33901916.5839323,31708070.6132267,36285129.1533152,43744031.9546333,32021963.0805082
795.57833,7.046,45953410.3364162,40310116.8938003,35753250.9053254,39487738.5029976,37729824.3724514,34025605.975666,44032787.3299096,45953410.3364162,41699639.1884082
749.53619,6.582,46360955.9033246,22007668.6075235,24830875.0603474,27307104.475796,26796095.6432599,46360955.9033246,28951205.4705274,30750399.7044718,19265652.2021784
683.59907,8.149,49945663.5756276,48134219.9925744,42162674.1767337,49945663.5756276,45404230.7874246,42805242.253299,44122214.0181501,45095895.2622366,47295201.7503136
858.52611,5.208,48354155.4962425,34645660.0190185,15973724.502251,42731483.6986398,41958261.5388263,48354155.4962425,22334875.6940722,33938959.7948616,19046990.8847908
795.60503,8.32,48482593.3167389,41578717.4039499,42453793.4875199,39727992.7270373,45285520.3145415,42689195.8323245,37419133.4021863,45388459.6383128,48482593.3167389
753.5311,6.52,49728864.1222665,45387828.6224635,33584826.5797197,47675565.7078604,49728864.1222665,22323470.7011255,39989248.5526857,43641721.7463047,32100628.484053
807.59956,6.906,50418663.4002564,48941392.5845031,40808975.0979071,43915030.5936734,45109329.4617134,50418663.4002564,45321498.421686,45256515.1895068,42004184.4373491
828.57142,5.777,82249144.3255632,64628415.7373701,68030325.2741254,51604558.6382525,67820774.9845121,82249144.3255632,62492102.8852802,62300411.7256793,69202842.194147
775.53645,5.56,53312822.4608344,38332016.814555,32703861.4683924,53312822.4608344,49877116.0189533,47726841.4409887,32154708.4432597,38460692.9493214,36083084.8565596
813.58885,6.395,60583761.5456431,60583761.5456431,44320901.7877613,52705327.7627359,44737076.8549612,44356989.040953,47279299.0579081,47811089.7976312,41165343.4142444
856.66715,6.948,54073938.9362845,48965653.6395804,39227738.1122214,45672527.0676933,42787729.3365107,54073938.9362845,46439769.3220743,48020815.4200197,44288486.1094649
841.58342,6.336,57564450.581084,57564450.581084,41552819.8998277,36351648.2369127,33292164.6945135,34572717.6664379,43347661.7119852,36210490.1863559,29499101.1552629
830.58699,6.272,95249936.0663985,95249936.0663985,47941350.0888277,89247075.5113518,54618268.9817333,56913661.1507825,53091925.4256106,62673490.6432435,42873070.9703079
807.60515,8.144,77564330.5091875,65385920.2761372,61635326.5227981,68700476.7856333,61738711.7887891,73267013.9758221,62732102.0004508,66465782.3261334,77564330.5091875
803.58357,7.294,84202545.1469775,82031484.2768327,50810716.9449954,84202545.1469775,48660365.52836,42696413.6468826,60686941.5470259,57078705.8696723,53499815.3299734
884.54113,5.268,41680988.2905882,13805174.3170248,7904027.0698911,17270013.9051496,19773519.6346912,41680988.2905882,11206432.9662187,16196095.9539223,10036294.0527583
682.63045,8.325,68145796.4732762,59960199.7192496,55516888.1564597,54982450.520088,62945979.6883353,53418647.9753236,54959571.3740892,68145796.4732762,51354337.4734402
713.49981,5.854,40701602.7074504,14515040.1161269,12501769.1388301,29809675.2376965,38937632.1195788,40701602.7074504,18772203.3543087,22424978.9515709,20763419.9069368
802.55562,5.862,40428827.3136078,39965562.5130326,31977500.4805129,38371954.9387527,38852893.8373751,32417567.5495766,28849440.6820271,33990324.250388,26815699.7738682
799.53674,5.493,27631387.7228575,22968732.3215276,18908197.3087996,21567212.2306382,20935526.8090766,27631387.7228575,20193042.0457846,16691595.7558432,21528321.1669623
611.54896,7.461,27692306.8253848,17236398.6765012,27199414.3144638,17553818.8178667,21240985.1437114,10757800.4887255,24243092.243272,27692306.8253848,23726786.5972095
829.6655,7.519,28723762.7705933,28181286.2157814,28723762.7705933,25634052.4494357,22940158.5157828,24807077.6694853,24367053.470663,27163244.1287612,19889276.0025644
776.60474,6.423,29319236.2906803,24383495.6007001,23656600.782016,21871603.5918938,21255332.7274261,19073373.5068757,29319236.2906803,27324330.057748,25572012.4639202
708.53573,7.616,31405303.6324915,3834675.42976947,19026052.1626674,13586060.723254,31405303.6324915,13303715.1653674,15792898.805233,16871710.5837063,12125952.4369546
826.55574,5.567,52565078.7205966,24409940.9474855,23620267.8483757,24171224.159892,34736086.2580712,52565078.7205966,29581277.5963643,27793082.780167,20238722.0857977
613.33774,0.884,34030232.9291714,34030232.9291714,20358942.256017,21252708.1224534,24529680.6021732,30261902.2659358,32110717.0516043,25350968.5666101,29582810.6774363
857.69644,7.837,34180363.2510162,34180363.2510162,26112387.118166,26618089.9531583,28314833.8826717,32785854.6102833,24851522.6187837,28937764.4895974,21441069.0843183
787.51534,5.791,34269111.9266483,31859000.3379322,32016524.1493406,30684203.0156528,34269111.9266483,28820460.6496284,31952731.8717581,28334398.826689,30493668.8074464
751.55187,6.868,35394104.9492564,32328717.9096446,31240684.4051842,29929939.8430966,24024590.9046054,34205187.799332,35394104.9492564,25240101.6728312,17722187.20144
793.56261,6.926,35456737.7988315,28865694.9332049,18201085.7991852,26255211.899934,21703565.19673,35456737.7988315,30385891.438783,28904452.0555744,23891922.8100502
853.57403,5.696,35707098.2689415,34609165.868321,25134521.2149532,31294783.8231882,29069673.4369904,35707098.2689415,29241305.3304066,29384732.1348718,22180347.046359
747.52065,6.418,35817671.5189259,35329014.2190871,34118919.963559,32398455.7902619,32111637.9013039,29802069.8530617,35711564.5275566,35817671.5189259,30521923.3412492
835.53656,5.822,36214023.0744857,29818877.4788097,27906428.2860007,36214023.0744857,27649163.8839016,25699361.274628,31345575.2582156,35666355.201886,22576145.7208479
682.52,7.593,37926724.6287833,24860927.2108651,34956921.327075,33290540.255006,37926724.6287833,24496143.8707124,24488393.2075514,30546151.3988659,22360108.6802318
789.55239,5.861,38070015.3070773,35516401.9935367,25023362.382188,38070015.3070773,28041960.2126618,34653103.1808897,25834334.8048833,31193156.3360177,24577042.9010694
532.35726,7.301,38713995.0742232,38713995.0742232,34511340.0911486,37077986.3964848,28859444.9550176,37324374.6752732,35170068.0381776,33224009.303831,28475579.2000031
685.61486,8.469,38983234.3653325,38776559.9741684,34333313.4816886,38983234.3653325,37668635.0250613,25914380.3566815,31315675.6448651,34966560.9192512,30012577.6071682
691.61158,7.885,68313617.852463,58463286.1403641,50925949.0400081,64359466.6237818,54713385.3993752,67222007.9619976,60008898.4368864,68313617.852463,43356715.7494084
1174.29888,7.549,69224644.7040875,743901.714076207,714400.61641406,762387.410538445,2760913.68719857,1414663.32967015,682258.20574323,1046949.90649806,1612761.77899645
761.49969,5.645,69806541.1518224,49086125.1162289,44392508.2116902,65468843.5356631,69806541.1518224,66038222.8056903,51797852.5232617,54664434.8854236,44665358.2621338
681.62721,8.326,169525309.987645,162549873.67447,149920402.746994,145478905.125738,169525309.987645,144605359.346181,147798474.57659,115013721.331949,139852556.374719
779.56798,6.45,201002394.092315,188857511.013447,126006691.331529,168703029.515169,167982647.799504,201002394.092315,159854899.649245,181702639.164971,160308712.053936
833.61528,6.947,211447506.388076,173270489.030912,160529693.356956,193980058.998194,211447506.388076,165991412.394104,186560242.751783,203784714.151177,168461276.914748
860.69891,7.646,211714974.351692,211714974.351692,169545042.349139,205983918.656753,206743515.40469,167642530.368451,185190944.42654,126402386.06812,163575499.659272
858.68323,7.25,256854454.588046,256854454.588046,208972411.897524,251510389.669435,159901809.406718,142049554.951523,243613824.73604,238573434.610878,222418856.942707
748.57335,5.869,266776410.520166,266776410.520166,208750379.770988,212062070.394492,196938419.22453,243890948.763168,235201992.929475,238141698.451824,199937801.74309
886.5572,5.78,273662420.646454,273662420.646454,173819259.756569,226350603.166653,189236041.34488,220596084.229816,195505548.955557,257325285.684199,191025335.955884
789.53108,6.216,324477857.707714,324477857.707714,276319238.994767,285344629.993672,288889326.229736,269136897.338527,311317732.973294,300384099.851099,264375475.183486
569.36891,1.978,384988556.872084,384988556.872084,281705771.485196,302144171.656031,257950889.780212,261537231.04571,328030029.224493,346211404.277019,250654701.955159
695.64295,8.468,349412613.496201,306532974.276315,236811987.128275,307750924.464499,328380158.86999,251619051.929677,251965794.105098,349412613.496201,258686069.4017
693.62717,8.152,440638108.419398,380023801.590015,331829459.623862,440638108.419398,412686692.61319,354324652.844162,177113169.381758,423339738.53819,340931445.801124
879.59923,6.458,431562852.907485,431562852.907485,398337167.207193,297858095.884839,281222092.638092,189671357.716557,367678293.214605,345225353.514545,325595576.937544
791.54695,6.661,478601605.282545,478601605.282545,428338052.04895,388964859.839586,306632611.640497,223357520.905055,426941814.346527,423895094.171627,373371172.285405
541.3377,1.216,562174530.7306,548909183.406873,305917393.752418,434308099.972407,377942788.13488,562174530.7306,307324381.480834,411848400.999175,330328607.058269
765.53088,6.324,632542512.859123,632542512.859123,480792893.836932,606408591.585148,619092244.378147,612671817.637683,520624105.81448,603879569.889687,469016369.137242
739.5155,6.279,698205567.22197,698205567.22197,542098167.068041,692129447.672237,676760563.104257,559527213.246785,612857478.70321,645337066.421905,509123231.108894
805.58373,6.502,751722207.188573,514772534.082666,450412840.068242,751722207.188573,714416595.341101,715434125.702379,589381558.237215,659205151.902464,489129827.401529
667.6117,8.175,161464197.374877,138854615.823869,125014687.512668,154410382.595832,158742112.533718,107070581.348245,134384744.655585,161464197.374877,120880535.773588
825.55238,5.594,145840343.366562,62768928.2733521,64839854.9362265,92082880.0647001,113513631.082658,145840343.366562,16426369.395787,57563890.4343386,56127392.4713496
846.68348,7.48,141276579.00157,141276579.00157,99564547.7125269,118366688.1661,129011726.476719,98185744.6133065,119065211.034424,130635421.544337,94185187.3192699
694.63032,8.152,170064304.148487,146100151.380403,125741175.104501,170064304.148487,153920739.785951,134443443.496501,139441065.223904,161201430.530271,129805743.251607
737.49974,5.779,77185913.3551187,31332841.9642392,35797890.6017989,55760888.9509934,77185913.3551187,67344241.8829441,43034479.0612608,39060168.2442698,35665367.3197537
805.61105,8.141,77929417.7692278,64919803.1814642,65933152.2210687,70018831.8428394,61994176.8204421,73941084.5010369,65370823.6360693,69341739.7217314,77929417.7692278
878.22311,6.3,79996778.9454365,588176.558589992,1127637.59891941,982202.000592745,3601674.07936134,2524130.53368408,997496.533562861,1609287.83741723,3115044.42967677
849.55209,5.443,82858815.0906379,59838490.4370158,62914730.971001,68316519.9779177,80877911.8832901,82858815.0906379,67807522.3859756,56470795.3432897,48715972.1221995
809.62074,8.466,94352546.8668627,83335667.7785537,74537536.2103316,89474367.4561412,89515398.9572988,77657925.9679864,81786988.47205,94352546.8668627,83170183.6250037
777.55226,6.01,83809403.7966352,30078095.0564999,30858607.01218,71956418.4497144,83809403.7966352,64969664.6390401,35270430.297745,53577439.883834,34772309.1126893
1100.28008,7.304,85301232.281938,709074.508274549,687655.060805774,817459.932095452,3230681.47953693,1708024.52195484,653679.896244965,1153407.72467772,1995198.50812461
583.51765,7.025,86523577.2349228,84051711.6104816,86523577.2349228,78073008.9484755,68333059.0037295,63301499.1300572,71693613.9839265,75191715.6575343,62940387.3863015
697.49529,7.032,27469744.0700923,20415267.3943094,27469744.0700923,20886946.2742705,16821825.0940884,19651332.5150032,19760130.5564632,20312076.9670955,20874952.9107159
751.55189,6.99,88752214.4906737,88693055.9945828,80144731.3902667,88752214.4906737,79908606.1775268,80362064.3568244,82404030.620257,87368114.1970456,79069508.03787
567.35325,1.239,94054717.2369407,37774023.253652,29540218.284527,50740819.5762038,52195140.3503181,94054717.2369407,39128807.9788095,48991636.4236483,42158836.8225006
1026.26155,7.021,94518046.6209787,1241283.27644417,1250451.41377632,1197102.28673052,4682025.30061067,2825076.35967663,1207446.09071478,1862806.24697064,3153805.93938717
807.62685,8.462,97552199.6149702,85679332.465336,75085715.3655257,87341737.802527,91909771.9502096,81907667.0586439,79441417.6131478,97552199.6149702,86379643.830301
952.24219,6.692,98662237.903792,1094442.35235502,1378196.40387772,1347700.38454332,4996761.06589076,3194202.67386468,1295307.39358713,1949406.47037732,3374435.87814075
723.52068,6.531,104744265.773181,97717193.186486,82913778.3484369,90867510.8056093,88355728.3087178,104744265.773181,101103240.52638,100352365.505719,74916295.8407818
769.56243,6.918,105132447.757365,105132447.757365,94010568.778118,84120777.1478193,73644150.4945594,59457912.4674783,79670459.7403285,62758421.2084915,27669572.5812784
832.66775,7.3,108720264.853258,108720264.853258,90309411.6400223,103687131.99371,107415683.631008,84743857.4382115,103060763.97062,103473821.752335,80506772.5980936
589.33774,0.916,142144142.526962,59260056.4551921,62691218.3698076,64192060.0696099,62019237.9394477,142144142.526962,97371902.6895456,92930493.9891052,63548098.3567693
804.20427,5.832,91790096.9305204,1437771.00337775,1859367.74473925,1648861.09732105,5850406.75625748,3704723.86889051,1835413.34095226,2460330.68303658,3975346.6696771
777.53119,6.416,27378645.445926,27378645.445926,21678469.6893824,21914196.2970874,15473185.8377188,12427411.2957752,21710969.7053408,23048165.3259193,17732757.6747638
818.51039,4.815,27026187.0009955,27026187.0009955,15572342.7209646,16121021.5291184,19057968.0585885,20955431.4054631,14912295.8606879,22804204.4428227,22217777.1638003
681.5234,7.593,26920289.5061168,17987623.0219726,24623250.4899473,23977427.689132,26920289.5061168,17188137.4890774,18003171.6165592,21668011.6243149,16059662.8428424
706.5201,7.528,11816645.0457711,10685476.5457051,11343201.8995098,11816645.0457711,9909222.91853737,9492237.60483467,8961373.49797205,9392082.68445503,9093059.80543947
928.68661,7.643,12212481.1023355,10005241.7293024,7565451.41750139,10183337.8630468,9911014.94372411,9306432.25040304,9299565.1628048,10813905.4143472,8936594.65401295
740.51895,5.992,16727618.2295427,13258799.8831202,7823574.94139707,11890445.1342147,10826522.6445109,16727618.2295427,9966903.21833404,8419803.822236,11024114.4100729
774.54113,5.822,12293692.6138501,3590190.76820951,3915130.04142778,12293692.6138501,10959182.3328849,9305199.99661297,6396874.59950044,6451318.14458771,6027640.11499794
794.56613,6.926,14091831.5242242,11136874.4260374,8357591.43326822,12700079.0267262,8991551.93425098,14091831.5242242,12527733.1545252,12647310.7375594,9772589.65242485
834.52625,5.271,12740437.6737683,9209104.46531801,4700955.94645293,12740437.6737683,10028124.6708131,4942922.93077978,6210861.11020416,9972149.4325189,6115230.56596476
839.6042,6.413,13022227.8579419,7658291.64719829,6426484.64508986,7253936.02903744,6356173.74793603,13022227.8579419,8216478.25748966,8251753.77314958,7167868.94004683
729.53106,6.592,13068835.3994191,13068835.3994191,7861890.80270234,12872241.4839695,9277234.54564861,11746412.1737482,8774696.53674238,12364869.1358378,7405377.93100281
605.46905,4.779,13091205.1469417,5671804.58688981,2371919.33043128,3949351.49363047,2889003.01942154,13091205.1469417,5429548.45167259,5760350.79663968,3483929.43637245
710.6174,8.149,13324559.502497,12124094.8146619,10561509.7524268,13324559.502497,12089304.2602604,11315492.5386648,11424329.5059575,11236132.105533,11427583.0481014
657.58337,8.172,13565136.1785713,13054609.6948587,11538425.9814817,13552982.135301,13222307.6485601,10591959.0917866,12618235.2918018,13565136.1785713,13214221.9875145
753.56687,7.045,13704650.342332,13704650.342332,11665711.2923675,10462280.5386736,9567203.35435502,11190442.234605,9678445.13008595,7226476.77343897,9326745.23510905
506.35805,7.301,13883850.4185682,11570078.6953229,11293929.7490149,11987007.227557,11738461.5785146,12751784.3532551,11453506.3655311,12101332.95951,10679202.2643275
823.53715,5.356,14121931.8979041,14121931.8979041,11936537.4206793,7330792.35949824,12609388.530564,12877167.1759569,12649846.4810498,11923204.991901,12587551.2581723
561.2355,7.299,14251056.386167,12589496.4785295,10807976.0412633,8512309.13918461,9173267.40638778,14251056.386167,5540026.90557214,11094036.8144816,6896061.70526571
734.55168,7.913,14357712.6257852,12914142.0830766,13371723.1323172,10472324.438275,8921818.37973596,9820604.1112122,14357712.6257852,12765719.6448245,13505784.0038507
725.535,6.593,14437063.3941191,13820125.427656,8202001.20055297,14437063.3941191,11132051.5779732,10487346.92567,9368161.25131171,9203526.1131669,8859410.36232041
706.52016,7.309,11394390.6858212,3647201.33088964,5996932.76284598,4629349.84392685,11394390.6858212,3615387.6879492,5488868.99474917,6037459.49873526,4940110.64525139
733.55496,7.913,11115533.4436326,9948461.69908373,10201333.3208871,8307560.62004822,6913264.74913904,7574273.59256211,11115533.4436326,9826759.14280251,10670237.8361339
815.56814,5.905,11058309.0626753,3744713.91779176,7415510.41860818,10999070.9774328,9629194.06004211,11058309.0626753,6697148.24614291,7172195.6006985,6598987.1567077
477.28538,0.989,10957618.7327502,10957618.7327502,4349521.04032868,10736981.1497248,6450666.08634148,9726066.15482661,6334194.53787371,9923326.72861186,8960426.49255992
539.32206,0.89,9237649.56020107,3387992.22221999,2810021.87722399,5739377.90297576,7800806.20591483,9237649.56020107,4161491.54292839,5027694.23712215,3797170.58351165
687.58075,7.365,9255121.19376045,5546236.8475862,5855903.57891668,4778983.54072345,6914946.25639877,9255121.19376045,5146820.15472618,5199268.2672087,5342404.62649301
770.51029,5.017,10867154.9573721,9290189.67161494,5239442.64698307,6839073.28551666,8682230.85176349,8802161.20033339,5644410.02084531,10867154.9573721,8386912.58890201
653.59665,8.013,9435434.65464104,9112322.33807528,8487677.1955558,8788305.45250283,9435434.65464104,7634432.4029865,6856617.30986711,9075296.72617419,6553034.1911241
687.61244,8.47,11536994.7001209,7681385.70672823,9518275.20419794,10405589.55605,11536994.7001209,9659060.23509713,10037656.2825149,7214931.07012554,7014881.90998108
589.4738,5.359,9984118.67512764,5531794.73519128,1693843.48578452,3252649.11266615,2534257.98462482,9984118.67512764,4575177.47540165,5015846.84512686,2719001.80035309
401.16296,4.699,10002326.919404,5820817.94896159,6341287.90845278,7524979.86070156,10002326.919404,5001103.37006386,8239061.63729311,8041061.37468274,6557637.42872625
791.60413,6.794,10239828.2145032,7037596.25018995,6307932.62773857,6961321.2408829,5663591.42414013,10239828.2145032,7581476.28698909,7352887.52191383,5929412.44409297
573.48902,7.026,14469523.5359842,14469523.5359842,13543090.7052857,12558807.8005477,10236414.3702071,11016652.9699412,12326408.5004874,12355514.5579259,10458503.3037787
794.56604,6.789,10337171.0753468,10061158.6685958,7827139.04922252,10337171.0753468,9122523.35319461,7806556.09480208,9513222.42803723,7521166.18888715,7826947.93931096
382.18105,4.754,10393053.0270551,1723919.01977807,3851509.29893213,4175063.86914694,10393053.0270551,3062649.70510386,4843134.74488879,6576000.05219867,2951126.22095705
753.55817,7.838,10505685.4293042,7262763.84295544,10505685.4293042,9960220.95926723,8235937.96250671,7935438.32097202,7769912.67176327,9909344.03994283,8568091.02819954
707.64443,8.301,10517356.2298056,7302505.38737727,7311513.96781777,8427942.95062337,7966726.92600833,5968905.32129429,7012981.42428636,10517356.2298056,7810683.91466936
555.35358,1.531,10566402.0705565,7639968.79468479,6813727.70751782,8215000.85598234,6791833.53693082,10566402.0705565,8551061.94230568,8137483.52258441,5346180.65739411
591.35374,1.064,10716040.328749,6143173.13804613,4697399.06582438,7787828.08882196,8841122.44914106,10716040.328749,6406728.14202598,6317072.92792581,5405509.53110124
823.63686,8.607,10753791.8995509,9241308.91435663,8063226.03246584,8655232.79937207,9801916.78599697,8421988.80958703,8987546.20052906,10753791.8995509,7553199.6613731
746.55776,5.335,10846295.5611902,10846295.5611902,6567223.71555541,8914735.48150343,8117666.5975685,10010857.8418911,8313170.96506399,9660272.15242911,7051129.37790017
765.55208,6.218,2360321.68384166,1741223.20141865,1481194.48900902,2360321.68384166,1836035.20555786,1764963.00350457,1873926.42947104,2011227.98286744,1491688.38818426
564.23516,7.301,10362022.4137663,10362022.4137663,8764907.01206906,8535951.84260377,6269535.19968524,9473091.07323605,7679739.72937927,9117754.85248119,8675048.80070069
862.557,5.832,9181749.32353806,8039535.56295186,6030875.74444511,9181749.32353806,5596975.90282332,3121435.32605219,6181989.3109369,9008162.00279257,8813253.48119583
712.63314,8.467,14542909.3013972,14542909.3013972,9841571.38767583,12876236.8099513,13012123.781144,11267291.8915754,11471501.0829179,12989618.9956951,10605195.9197285
665.59666,7.891,15220454.8889971,11999224.9395443,10747088.2623731,14695999.4014933,14948587.0277771,8356219.38243537,11582739.9632305,13056862.8860747,15220454.8889971
843.68102,7.684,20320056.281247,19849658.4329893,19320498.1699612,15697928.2910661,14323527.9713415,20320056.281247,15918442.555788,17068984.3230826,13395853.2828568
783.50536,5.363,20772847.5959552,15973617.7709392,12756913.902999,20482337.6919676,20772847.5959552,17405760.4757499,15118491.0858998,14215945.9371689,12708607.922585
684.53591,7.882,21812368.0527692,15015600.9835794,18017879.5918852,20173416.1348257,21812368.0527692,15828844.7357553,16721943.1654581,18691936.6576625,12077043.5770073
814.59181,6.392,22259153.4413805,21861857.8987498,18797694.6225332,21553311.6150311,16870285.0015303,17972410.3357281,21238872.6362632,22259153.4413805,18033143.0995636
820.52585,5.244,22104482.2603239,18359648.4749326,10805371.4749774,20675042.6055356,19591821.6788415,21437273.9096703,15550078.2048078,22104482.2603239,17865281.5157446
707.539,7.616,22192353.2368314,7437235.02218356,13975392.8414165,9760825.19644814,22192353.2368314,9938531.05654978,11658144.4546655,12635973.9877515,8304008.876665
781.5894,8.169,22379547.5282295,18225801.1732671,18822317.789865,17462351.6232837,17892465.6266745,16505054.6173133,16581058.1888147,20633352.4665764,22379547.5282295
671.59935,8.324,22877772.6167552,18874255.406588,22877772.6167552,18939100.5345841,22184426.6041109,16832358.3869245,19151712.2216971,20971053.0903542,19157781.859483
804.63632,6.896,23448515.0665067,22111887.6386435,21217999.8588114,22361253.5125215,22819027.1036192,20111991.2348996,23448515.0665067,21851367.8045372,18109789.1346232
805.58977,7.873,23496688.5553146,19745830.205873,16511552.4055904,17742543.6165033,16592070.1457028,23496688.5553146,17636102.4097315,18938753.0531902,19210993.963206
697.64937,8.469,30784485.1387631,27417299.8796939,20961967.2145032,26636561.2476577,28635602.235821,21542227.4585382,24074102.6911822,30784485.1387631,22383936.3308773
793.56238,6.787,26501522.839934,23614587.669794,20430187.0269905,26501522.839934,23660454.225832,3386037.22799454,15360550.2271054,26414594.4414236,11719440.3752562
748.52574,5.965,24635860.2070036,22219400.9462305,8529405.24198293,21103443.538295,22986375.8865285,23789714.325931,12366525.9320517,24635860.2070036,16223778.7220365
855.68021,7.494,24677078.364354,20354835.6704656,21538643.9612518,21609112.0506647,17435383.771834,24677078.364354,17560279.3168688,19283302.1550338,17096247.7331661
709.65898,8.604,24686180.5902449,20010583.5427687,15469205.6952893,17622240.0775138,20639261.3027903,16694947.0105899,18034170.3438309,24686180.5902449,14843468.4640499
730.18552,5.263,24730313.6881134,629770.530397515,410543.383390584,744812.364089409,2277001.40700211,1610439.18951744,567037.889700811,843628.768202905,913655.793210623
734.55769,5.555,25251336.5495475,25251336.5495475,16447467.1634083,15740087.6678967,14637542.5926849,20798834.3425689,15489070.3151465,17406278.8021087,11582679.0265752
841.61996,6.856,20207549.4693302,20207549.4693302,17311578.9383689,15169219.3244596,14657720.4873063,17205954.9791247,12915096.3878914,13589497.3713344,11439044.9284382
874.71513,7.808,19576286.209734,19576286.209734,13292326.1942329,14482750.1752494,14851950.2571389,12442351.0470203,15385415.0216421,18131093.7985046,11949505.0162877
639.58059,7.84,19514696.0112525,15245851.5431962,16918990.4727269,17941898.7724777,18946668.081982,10941522.0378504,16344995.4027652,19514696.0112525,14155768.1527098
730.5205,7.418,19438591.9874881,13624803.2292803,19438591.9874881,16239466.2294906,13333147.2198191,9173510.99589315,11603203.0464241,11214001.6523585,11995001.498649
868.52631,4.988,14953238.6474859,9126647.96747544,2915375.78645263,5385447.30814914,4788328.49804395,14953238.6474859,5354732.2861208,4878143.77589796,4552987.69661749
710.55166,7.937,23359668.6313328,9675683.43749133,12018934.6072567,18355699.3237008,23359668.6313328,11889960.8746018,15393179.6776544,12428088.672379,8290361.20861866
545.35721,7.302,17278605.603676,12412050.2427653,15333990.3620512,10567246.6959736,12544771.4956629,15616182.3281804,9677975.96447356,17278605.603676,10426289.7399836
681.58348,7.886,15806202.4354028,13641020.465431,11601594.5550579,14667317.9249135,15806202.4354028,15009197.6095585,13701593.4673607,14563676.9861973,11748267.97434
683.53898,7.882,15864880.9997739,10807079.5383204,13094706.345816,13623442.1517933,15864880.9997739,11292220.1578422,12432340.4292267,13943844.964753,8484357.23991541
807.5054,5.24,16076275.0690919,12238614.4981129,9165187.98117996,16076275.0690919,14171887.3355421,10889173.2955959,11191054.6449808,12768716.4129158,7963245.38760282
356.16543,4.704,16200837.4167284,6440299.20983507,7713183.18359926,8702771.07354691,16200837.4167284,6497056.55737942,8784458.36141758,10461186.8613673,7114795.87289598
749.50138,5.875,16475190.8544685,16475190.8544685,9985536.6295481,12828951.2632578,12019611.1919675,4172776.75621935,11946748.3269095,11925761.1659287,9591513.9846254
771.56902,6.937,31683087.4169802,7512816.60971559,6487002.57275073,21850788.6015075,6535134.95403718,22899683.1205051,14607600.9077444,22784212.8823994,15503432.9472906
767.53731,6.416,25467356.9342016,25467356.9342016,17312132.9918589,20501000.0013937,18655705.5241968,12888147.7397111,21458642.9056191,23688005.644343,16197133.6451688
818.65223,7.113,17833724.2352902,17833724.2352902,14119771.3260447,15311774.8922832,15893755.8329275,13544631.0625982,14649949.4110926,15034768.6707423,10925953.6731094
679.61207,7.998,17937681.0043679,16274804.1159978,14492905.5990652,5505165.66897369,16839581.6523413,17937681.0043679,13257154.4992352,16432600.7912696,11754305.2957579
837.55216,5.661,18209287.2820618,18209287.2820618,13765236.9058231,15444332.9092131,11334643.7916688,12185634.1013798,14715814.963426,13272952.9909173,11555101.3241722
844.66757,7.082,18338995.1159424,12356350.4644304,9070641.83172833,12407091.5659056,11301217.1378997,18338995.1159424,12103068.3480362,10314162.2669172,8786136.38188544
746.5101,5.595,18575608.7863695,18575608.7863695,10297976.7775706,15518665.2598806,16167245.344257,13913812.7270315,10191433.6500056,14663274.8733907,12915454.8984009
771.57856,7.166,20314820.410225,18579887.5888257,12696614.783647,20314820.410225,15151405.0345093,15071928.1199282,15904875.9326195,17070953.2301095,15645340.2499894
813.55244,5.797,18988950.169098,17420797.8688283,13913600.52394,16938150.9958019,13472551.0759756,15743511.7184011,18988950.169098,13674434.9929567,11384556.0599463
697.65932,8.605,19087814.3677088,16628651.1513327,11139971.0464395,19087814.3677088,15786853.869537,10171950.9996137,11958433.3812152,17512530.6562759,12622939.0320573
466.31161,4.354,17445646.2951061,12105634.6492065,5281312.19012926,12344729.6754358,13039664.3213339,16245796.8033659,6655697.71630081,17445646.2951061,8340976.49170283
753.55914,6.875,3611575.7213993,1544758.01901865,2598433.95157343,1415635.55973799,2761916.12579518,3037905.85361093,3168324.87047126,2943627.86425244,2114314.55858313
